{
    "rmse": 2.340775402768262,
    "r2": 0.9954451568852898
}